id,neutral_venue,team1,team2,toss_winner,toss_decision,result_margin,Day_of_Week,Day_of_month,Month,Year,winner
734031,0,0,1,1,0,15.0,6,23,5,2014,0.0
598011,0,0,2,0,1,41.0,7,13,4,2013,0.0
548354,0,1,1,1,1,43.0,7,5,5,2012,1.0
1136609,0,0,1,0,0,6.0,3,15,5,2018,0.0
392204,1,0,1,0,1,8.0,6,1,5,2009,0.0
419139,0,0,1,0,1,8.0,1,4,4,2010,1.0
598032,0,1,1,1,1,8.0,7,27,4,2013,1.0
1216506,0,1,0,0,0,9.0,1,1,11,2020,0.0
419165,0,0,0,0,1,22.0,1,25,4,2010,0.0
598002,0,0,0,0,1,9.0,7,6,4,2013,0.0
548360,0,0,0,0,0,9.0,4,9,5,2012,0.0
734041,0,0,1,0,0,5.0,1,25,5,2014,0.0
501215,0,3,0,3,0,7.0,2,18,4,2011,3.0
419124,0,1,1,1,0,31.0,4,24,3,2010,1.0
598064,0,1,0,1,0,6.0,2,6,5,2013,1.0
1136562,0,1,1,1,0,6.0,1,8,4,2018,1.0
1216529,0,2,0,2,1,5.0,1,11,10,2020,0.0
336038,0,1,1,1,0,105.0,6,30,5,2008,1.0
734003,0,0,1,1,1,5.0,3,13,5,2014,0.0
1082631,0,0,3,3,0,4.0,4,3,5,2017,3.0
1216542,0,1,1,1,1,69.0,5,8,10,2020,1.0
1082639,0,1,0,0,0,14.0,3,9,5,2017,1.0
598057,0,0,0,0,0,5.0,1,12,5,2013,0.0
1082618,0,0,3,0,0,3.0,2,24,4,2017,3.0
548371,0,1,0,1,0,6.0,5,17,5,2012,1.0
1178405,0,1,2,1,0,39.0,1,14,4,2019,2.0
392183,1,1,1,1,0,10.0,1,19,4,2009,1.0
1082599,0,3,1,3,0,97.0,3,11,4,2017,1.0
598059,0,1,1,1,0,5.0,3,23,4,2013,1.0
1082612,0,1,0,0,0,8.0,5,20,4,2017,0.0
1216503,0,0,1,1,0,48.0,5,1,10,2020,0.0
829735,0,1,0,0,1,8.0,1,19,4,2015,1.0
1136590,0,0,1,1,0,13.0,2,30,4,2018,0.0
598053,0,2,0,0,1,46.0,5,9,5,2013,0.0
829771,0,0,0,0,0,7.0,7,2,5,2015,0.0
1136603,0,1,0,0,1,4.0,6,11,5,2018,1.0
981011,0,1,0,0,0,6.0,1,22,5,2016,0.0
392215,1,1,0,0,1,7.0,6,8,5,2009,1.0
548308,0,0,2,0,0,28.0,6,6,4,2012,2.0
501204,0,1,1,1,1,6.0,3,12,4,2011,1.0
829777,0,1,1,1,0,14.0,1,3,5,2015,1.0
734021,0,1,0,0,1,7.0,3,20,5,2014,1.0
598043,0,0,1,1,1,8.0,6,3,5,2013,0.0
419149,0,1,1,1,1,7.0,1,11,4,2010,1.0
392194,1,0,1,0,1,6.0,1,26,4,2009,1.0
1136577,0,0,1,1,0,64.0,6,20,4,2018,0.0
419122,0,0,0,0,1,7.0,2,22,3,2010,0.0
336026,0,0,1,1,0,5.0,2,19,5,2008,1.0
392195,1,1,1,1,1,27.0,1,26,4,2009,1.0
1216533,0,0,1,0,1,7.0,2,19,10,2020,1.0
598037,0,0,1,0,1,4.0,2,29,4,2013,0.0
598070,0,0,0,0,1,48.0,3,21,5,2013,0.0
548312,0,1,0,0,0,22.0,1,8,4,2012,1.0
419126,0,1,1,1,1,8.0,6,26,3,2010,1.0
392207,1,1,0,0,1,6.0,1,3,5,2009,1.0
419156,0,1,1,1,0,5.0,6,16,4,2010,1.0
419155,0,0,1,0,1,6.0,5,15,4,2010,1.0
336010,0,0,0,0,1,5.0,5,8,5,2008,0.0
1082593,0,2,0,0,0,10.0,6,7,4,2017,0.0
501216,0,1,1,1,1,16.0,3,19,4,2011,1.0
501271,0,0,0,0,1,58.0,7,28,5,2011,0.0
980923,0,1,0,1,0,7.0,2,18,4,2016,1.0
598008,0,0,0,0,0,8.0,5,11,4,2013,0.0
419127,0,1,0,0,1,39.0,7,27,3,2010,0.0
733981,0,1,0,0,0,8.0,2,5,5,2014,0.0
1178426,0,0,1,0,1,17.321652065081352,5,2,5,2019,0.0
419131,0,1,0,1,1,40.0,2,29,3,2010,1.0
1175367,0,0,1,1,0,8.0,1,31,3,2019,0.0
335988,0,1,1,1,1,9.0,3,22,4,2008,1.0
980931,0,3,0,3,0,13.0,6,22,4,2016,0.0
598072,0,0,1,1,1,4.0,6,24,5,2013,0.0
1178418,0,0,1,1,0,3.0,5,25,4,2019,1.0
392198,1,1,1,1,1,5.0,3,28,4,2009,1.0
981001,0,2,0,2,0,6.0,5,19,5,2016,2.0
1082603,0,2,3,2,0,7.0,6,14,4,2017,2.0
598056,0,1,1,1,0,30.0,7,11,5,2013,1.0
419136,0,1,0,1,1,6.0,6,2,4,2010,0.0
829719,0,0,1,1,0,8.0,2,13,4,2015,1.0
501258,0,3,1,3,0,8.0,1,15,5,2011,3.0
501244,0,0,1,1,0,85.0,6,6,5,2011,0.0
729291,1,1,1,1,0,7.0,1,20,4,2014,1.0
597999,0,0,0,0,0,2.0,5,4,4,2013,0.0
419123,0,0,0,0,0,36.0,3,23,3,2010,0.0
598058,0,1,0,1,0,5.0,1,12,5,2013,1.0
548323,0,0,1,0,0,2.0,1,15,4,2012,1.0
734023,0,0,0,0,0,8.0,3,20,5,2014,0.0
1216501,0,0,0,0,1,10.0,4,7,10,2020,0.0
734001,0,1,0,1,1,7.0,2,12,5,2014,0.0
336023,0,1,0,0,0,65.0,7,17,5,2008,1.0
1216514,0,1,0,1,1,8.0,7,3,10,2020,0.0
392233,1,0,1,0,0,4.0,4,20,5,2009,0.0
598026,0,0,1,1,1,5.0,2,22,4,2013,0.0
336039,0,0,1,1,1,9.0,7,31,5,2008,0.0
734049,0,0,1,0,0,3.0,1,1,6,2014,0.0
548346,0,0,1,0,0,5.0,1,29,4,2012,0.0
729317,1,0,1,0,0,15.0,4,30,4,2014,1.0
336006,0,0,1,1,0,6.0,2,5,5,2008,1.0
548350,0,0,1,1,0,4.0,4,2,5,2012,1.0
598033,0,0,0,0,1,58.0,7,27,4,2013,0.0
598038,0,2,0,0,1,37.0,3,30,4,2013,0.0
336034,0,0,1,1,0,3.0,7,3,5,2008,0.0
980963,0,0,1,1,0,7.0,4,4,5,2016,0.0
1178429,0,0,1,0,0,4.0,7,4,5,2019,0.0
548322,0,2,0,0,1,7.0,7,14,4,2012,2.0
1082650,0,0,3,0,1,1.0,1,21,5,2017,0.0
1178431,0,0,0,0,0,9.0,1,5,5,2019,0.0
598027,0,0,2,2,0,130.0,3,23,4,2013,0.0
548351,0,2,0,0,1,1.0,5,3,5,2012,0.0
336000,0,1,0,1,1,45.0,5,1,5,2008,1.0
1082607,0,0,3,0,0,27.0,1,16,4,2017,3.0
598005,0,1,0,0,0,19.0,2,8,4,2013,1.0
392208,1,0,0,0,1,9.0,1,3,5,2009,0.0
392184,1,1,0,0,1,8.0,1,19,4,2009,1.0
980939,0,3,0,0,0,2.0,1,24,4,2016,0.0
1082592,0,3,0,3,0,7.0,5,6,4,2017,3.0
1082635,0,1,0,1,0,146.0,7,6,5,2017,0.0
1181766,0,2,1,2,0,2.0,4,8,5,2019,2.0
501205,0,0,0,0,0,9.0,3,12,4,2011,0.0
548379,0,0,0,0,0,38.0,4,23,5,2012,0.0
829805,0,0,0,0,0,5.0,5,14,5,2015,0.0
501247,0,0,3,3,1,9.0,1,8,5,2011,0.0
733997,0,1,0,0,0,9.0,1,11,5,2014,0.0
1216517,0,0,1,0,1,17.321652065081352,1,18,10,2020,1.0
733979,0,1,0,0,0,10.0,2,5,5,2014,1.0
598010,0,1,1,1,1,3.0,6,12,4,2013,1.0
734035,0,0,0,0,0,8.0,7,24,5,2014,0.0
829791,0,0,1,1,1,1.0,7,9,5,2015,0.0
501199,0,1,1,1,0,8.0,7,9,4,2011,1.0
980975,0,0,2,2,0,5.0,1,8,5,2016,2.0
1178419,0,0,0,0,0,46.0,6,26,4,2019,0.0
419154,0,1,0,1,1,5.0,4,14,4,2010,0.0
548306,0,0,0,0,0,8.0,4,4,4,2012,0.0
980919,0,1,3,3,1,6.0,1,17,4,2016,1.0
1178402,0,0,1,1,0,4.0,7,13,4,2019,1.0
392199,1,0,0,0,1,5.0,4,29,4,2009,0.0
829745,0,0,0,0,0,27.0,4,22,4,2015,0.0
729307,1,0,1,0,0,23.0,7,26,4,2014,1.0
392229,1,1,1,1,0,1.0,1,17,5,2009,1.0
392239,1,0,1,0,0,6.0,1,24,5,2009,1.0
548366,0,1,1,1,1,4.0,1,13,5,2012,1.0
392217,1,0,1,1,1,7.0,7,9,5,2009,0.0
1175363,0,1,1,1,1,5.0,6,29,3,2019,1.0
392214,1,0,1,0,1,12.0,5,7,5,2009,0.0
980927,0,0,0,0,0,6.0,4,20,4,2016,0.0
1178430,0,1,0,1,0,6.0,1,5,5,2019,1.0
1216495,0,0,1,1,0,10.0,3,3,11,2020,1.0
829781,0,0,1,1,0,35.0,2,4,5,2015,0.0
980953,0,1,0,0,0,15.0,7,30,4,2016,1.0
829793,0,1,1,1,1,6.0,7,9,5,2015,1.0
335993,0,0,0,0,1,9.0,7,26,4,2008,0.0
829751,0,0,1,0,1,20.0,7,25,4,2015,0.0
336025,0,0,0,0,1,3.0,1,18,5,2008,0.0
336024,0,1,0,1,0,25.0,1,18,5,2008,0.0
419158,0,0,1,1,1,8.0,7,17,4,2010,0.0
1178395,0,0,2,2,0,4.0,1,7,4,2019,2.0
1082638,0,1,0,0,1,7.0,2,8,5,2017,1.0
980983,0,1,1,1,0,7.0,5,12,5,2016,1.0
501201,0,1,0,1,1,8.0,1,10,4,2011,0.0
980943,0,1,3,3,0,34.0,3,26,4,2016,3.0
980961,0,2,1,1,0,8.0,3,3,5,2016,1.0
501200,0,3,0,3,1,6.0,7,9,4,2011,0.0
1216519,0,2,0,0,0,59.0,2,5,10,2020,2.0
981003,0,1,1,1,0,6.0,6,20,5,2016,1.0
548315,0,0,0,0,0,42.0,3,10,4,2012,0.0
598041,0,0,1,0,1,15.0,5,2,5,2013,0.0
829747,0,1,0,0,0,37.0,5,23,4,2015,1.0
335997,0,0,0,0,1,7.0,3,29,4,2008,0.0
335985,0,0,0,0,1,5.0,1,20,4,2008,0.0
733987,0,1,0,0,0,44.0,4,7,5,2014,1.0
548314,0,1,0,1,1,5.0,2,9,4,2012,0.0
1178408,0,1,0,0,1,6.0,4,17,4,2019,1.0
980957,0,3,0,0,0,8.0,1,1,5,2016,0.0
598020,0,1,0,0,1,86.0,5,18,4,2013,0.0
829761,0,0,1,0,1,13.0,5,7,5,2015,0.0
733983,0,0,0,0,0,19.0,3,6,5,2014,0.0
980971,0,1,1,1,0,9.0,7,7,5,2016,1.0
734047,0,0,1,0,0,24.0,6,30,5,2014,1.0
598000,0,1,2,2,0,22.0,6,5,4,2013,1.0
829717,0,0,1,0,0,18.0,1,12,4,2015,1.0
335991,0,1,0,0,0,66.0,6,25,4,2008,1.0
548307,0,0,1,1,0,8.0,5,5,4,2012,1.0
336004,0,0,1,1,0,29.0,1,4,5,2008,0.0
501245,0,0,0,0,1,10.0,7,7,5,2011,0.0
1136578,0,0,1,1,0,9.0,7,21,4,2018,1.0
1178420,0,1,1,1,0,7.0,7,27,4,2019,1.0
1216536,0,0,0,0,0,6.0,5,29,10,2020,0.0
829713,0,0,0,0,0,3.0,7,11,4,2015,0.0
598016,0,1,0,0,0,4.0,3,16,4,2013,1.0
1136607,0,0,1,1,0,7.0,1,13,5,2018,1.0
501227,0,1,0,0,0,3.0,3,26,4,2011,0.0
501261,0,0,3,0,1,11.0,4,18,5,2011,0.0
392218,1,0,0,0,1,16.0,1,10,5,2009,0.0
1136561,0,0,0,0,0,1.0,7,7,4,2018,0.0
598044,0,1,1,1,1,6.0,7,4,5,2013,1.0
829823,0,0,0,0,0,41.0,1,24,5,2015,0.0
548344,0,0,0,0,1,47.0,7,28,4,2012,0.0
501207,0,2,3,3,1,4.0,4,13,4,2011,2.0
1136585,0,1,1,1,0,13.0,5,26,4,2018,1.0
1216509,0,0,2,0,1,5.0,7,17,10,2020,2.0
419144,0,0,1,0,1,14.0,4,7,4,2010,0.0
392200,1,1,0,1,1,3.0,4,29,4,2009,1.0
1136600,0,1,1,1,1,15.0,3,8,5,2018,1.0
1136574,0,0,0,0,0,46.0,3,17,4,2018,0.0
548335,0,1,0,0,0,5.0,1,22,4,2012,0.0
392192,1,1,0,1,1,12.0,7,25,4,2009,1.0
980909,0,0,0,0,0,6.0,4,13,4,2016,0.0
501211,0,0,0,0,1,21.0,7,16,4,2011,0.0
548329,0,1,1,1,1,9.0,5,10,5,2012,1.0
829815,0,1,0,1,1,9.0,1,17,5,2015,0.0
501260,0,1,0,1,1,111.0,3,17,5,2011,1.0
392213,1,0,1,1,0,7.0,5,7,5,2009,1.0
1136618,0,0,1,1,0,25.0,4,23,5,2018,0.0
419108,0,1,1,1,0,5.0,7,13,3,2010,1.0
419116,0,1,0,1,1,5.0,6,19,3,2010,0.0
1136596,0,1,1,1,1,7.0,7,5,5,2018,1.0
548349,0,1,1,1,1,6.0,3,1,5,2012,1.0
501262,0,2,0,0,0,7.0,5,19,5,2011,0.0
335982,0,0,0,0,0,140.0,6,18,4,2008,0.0
1216543,0,2,1,2,1,13.0,4,14,10,2020,2.0
980951,0,1,0,0,0,27.0,7,30,4,2016,1.0
1175372,0,0,0,0,0,5.0,6,5,4,2019,0.0
980969,0,0,3,0,0,7.0,7,7,5,2016,0.0
548336,0,1,0,1,0,46.0,2,23,4,2012,0.0
1082649,0,0,0,0,0,6.0,6,19,5,2017,0.0
419107,0,0,1,0,1,4.0,7,13,3,2010,0.0
501252,0,1,0,0,0,9.0,4,11,5,2011,0.0
981017,0,2,1,1,0,4.0,6,27,5,2016,1.0
1181764,0,0,0,0,1,6.0,3,7,5,2019,0.0
1082640,0,2,1,1,0,2.0,4,10,5,2017,1.0
548332,0,0,1,1,1,7.0,7,21,4,2012,0.0
548378,0,1,0,0,1,18.0,3,22,5,2012,0.0
980985,0,0,1,0,1,7.0,6,13,5,2016,1.0
419135,0,0,1,0,1,24.0,5,1,4,2010,0.0
1082600,0,0,1,0,0,4.0,4,12,4,2017,0.0
980911,0,2,3,3,1,7.0,5,14,4,2016,2.0
1178422,0,0,0,0,0,34.0,1,28,4,2019,0.0
1082608,0,1,0,1,1,4.0,2,17,4,2017,0.0
598045,0,0,1,1,0,7.0,3,14,5,2013,1.0
548326,0,1,1,1,1,5.0,3,17,4,2012,1.0
981019,0,0,1,1,1,8.0,1,29,5,2016,1.0
548367,0,0,0,0,0,5.0,2,14,5,2012,0.0
548370,0,0,0,0,0,32.0,4,16,5,2012,0.0
1216539,0,2,0,0,0,44.0,6,25,9,2020,2.0
336028,0,0,1,0,0,1.0,4,21,5,2008,1.0
598025,0,1,2,1,0,7.0,1,21,4,2013,1.0
598047,0,1,2,2,1,5.0,1,5,5,2013,1.0
980929,0,2,1,1,0,10.0,5,21,4,2016,1.0
548319,0,1,2,1,0,7.0,5,12,4,2012,1.0
501219,0,0,3,0,0,6.0,4,20,4,2011,3.0
1237181,0,2,0,2,1,5.0,3,10,11,2020,0.0
1136613,0,1,0,1,1,30.0,7,19,5,2018,1.0
392232,1,0,1,1,1,7.0,3,19,5,2009,0.0
392182,1,0,1,0,1,75.0,7,18,4,2009,0.0
1082623,0,1,1,1,0,26.0,6,28,4,2017,1.0
734027,0,0,0,0,0,30.0,5,22,5,2014,0.0
392225,1,0,1,1,1,2.0,5,14,5,2009,1.0
1136595,0,0,0,0,0,6.0,7,5,5,2018,0.0
1178413,0,1,0,1,0,9.0,1,21,4,2019,1.0
1175366,0,1,0,0,0,118.0,1,31,3,2019,1.0
1136610,0,0,1,1,0,3.0,4,16,5,2018,0.0
501202,0,2,1,1,1,7.0,1,10,4,2011,2.0
548364,0,0,1,0,0,9.0,7,12,5,2012,0.0
734007,0,1,1,1,0,6.0,4,14,5,2014,1.0
829757,0,1,0,0,0,10.0,1,26,4,2015,0.0
1216522,0,1,0,1,1,7.0,7,17,10,2020,0.0
419140,0,1,0,1,1,37.0,1,4,4,2010,1.0
419115,0,0,1,0,0,10.0,5,18,3,2010,0.0
1136581,0,1,0,0,1,3.0,1,22,4,2018,1.0
1175369,0,1,0,1,0,7.0,3,2,4,2019,1.0
501208,0,1,0,0,0,33.0,5,14,4,2011,1.0
980965,0,1,3,3,0,7.0,5,5,5,2016,3.0
336033,0,0,1,1,1,10.0,7,24,5,2008,1.0
1216513,0,1,0,1,1,10.0,1,4,10,2020,0.0
1216541,0,0,1,0,1,8.0,1,25,10,2020,1.0
829743,0,1,0,0,0,16.0,4,22,4,2015,1.0
548381,0,0,0,0,1,5.0,1,27,5,2012,0.0
598029,0,0,0,0,1,5.0,4,24,4,2013,0.0
1181768,0,0,0,0,1,1.0,1,12,5,2019,0.0
419133,0,0,0,0,1,5.0,4,31,3,2010,0.0
598046,0,0,0,0,1,60.0,1,5,5,2013,0.0
419132,0,0,1,0,0,4.0,3,30,3,2010,0.0
729281,1,1,0,0,0,8.0,5,17,4,2014,0.0
548321,0,1,1,1,1,5.0,5,19,4,2012,1.0
548380,0,1,0,1,0,86.0,6,25,5,2012,0.0
336001,0,0,1,0,1,8.0,6,2,5,2008,1.0
419163,0,0,1,0,1,38.0,5,22,4,2010,0.0
1136589,0,0,0,0,0,6.0,1,29,4,2018,0.0
548372,0,1,0,1,0,21.0,5,17,5,2012,0.0
598066,0,1,0,0,0,50.0,7,18,5,2013,1.0
1216497,0,0,2,2,0,59.0,7,24,10,2020,0.0
335994,0,0,1,1,0,10.0,1,27,4,2008,1.0
729297,1,1,0,1,0,7.0,4,23,4,2014,0.0
729299,1,0,0,0,0,2.0,5,24,4,2014,0.0
548365,0,1,2,1,1,45.0,1,13,5,2012,1.0
598030,0,0,1,1,1,5.0,5,25,4,2013,0.0
336007,0,0,1,1,0,7.0,3,6,5,2008,1.0
1082621,0,0,2,2,0,7.0,5,27,4,2017,2.0
419160,0,1,1,1,1,11.0,1,18,4,2010,1.0
336020,0,1,1,1,0,12.0,5,15,5,2008,1.0
501198,0,0,0,0,1,2.0,6,8,4,2011,0.0
501269,0,0,0,0,0,4.0,4,25,5,2011,0.0
548358,0,2,1,2,1,7.0,3,8,5,2012,1.0
1136604,0,1,0,1,0,31.0,7,12,5,2018,0.0
729315,1,0,1,1,1,17.321652065081352,3,29,4,2014,1.0
1136583,0,0,1,0,0,31.0,3,24,4,2018,1.0
548330,0,0,2,2,0,13.0,5,19,4,2012,0.0
1082636,0,0,0,0,0,6.0,1,7,5,2017,0.0
419145,0,0,1,1,0,7.0,5,8,4,2010,1.0
419117,0,1,1,1,0,6.0,6,19,3,2010,1.0
734033,0,1,1,1,0,16.0,6,23,5,2014,1.0
1082594,0,1,3,1,0,6.0,7,8,4,2017,1.0
598017,0,0,1,0,0,17.321652065081352,3,16,4,2013,0.0
733995,0,0,0,0,0,4.0,7,10,5,2014,0.0
548347,0,0,0,0,1,5.0,2,30,4,2012,0.0
392238,1,0,0,0,0,6.0,7,23,5,2009,0.0
829803,0,1,0,0,0,22.0,4,13,5,2015,1.0
419164,0,0,1,1,1,9.0,7,24,4,2010,0.0
598035,0,1,2,2,0,15.0,1,28,4,2013,1.0
1216546,0,2,1,2,1,5.0,3,20,10,2020,1.0
336040,0,0,1,1,0,3.0,1,1,6,2008,1.0
1216518,0,1,1,1,0,8.0,5,22,10,2020,1.0
501246,0,0,1,1,0,32.0,7,7,5,2011,0.0
548339,0,1,0,1,1,4.0,4,25,4,2012,0.0
335999,0,1,1,1,0,7.0,5,1,5,2008,1.0
419118,0,1,0,1,1,34.0,7,20,3,2010,1.0
597998,0,0,1,0,0,6.0,4,3,4,2013,0.0
548313,0,2,1,2,1,22.0,1,8,4,2012,2.0
1136612,0,1,0,0,0,34.0,6,18,5,2018,1.0
829729,0,0,0,0,1,6.0,6,17,4,2015,0.0
1082645,0,3,1,3,0,9.0,1,14,5,2017,3.0
829725,0,1,1,1,1,5.0,4,15,4,2015,1.0
1216520,0,0,1,1,0,8.0,2,26,10,2020,1.0
501213,0,2,1,1,0,3.0,1,17,4,2011,1.0
419106,0,1,0,1,0,11.0,6,12,3,2010,0.0
1216535,0,2,0,0,0,9.0,7,31,10,2020,0.0
1178401,0,0,2,2,0,7.0,6,12,4,2019,2.0
1082601,0,0,1,0,0,8.0,5,13,4,2017,0.0
392219,1,1,0,1,0,7.0,1,10,5,2009,1.0
501203,0,0,1,0,1,9.0,2,11,4,2011,0.0
548361,0,1,0,0,0,4.0,5,10,5,2012,0.0
1082641,0,0,1,0,0,7.0,5,11,5,2017,1.0
1082604,0,0,1,1,0,17.0,7,15,4,2017,0.0
1082613,0,0,2,2,0,4.0,6,21,4,2017,2.0
981005,0,3,1,1,1,4.0,7,21,5,2016,3.0
1216508,0,0,0,0,0,49.0,4,23,9,2020,0.0
1178400,0,1,0,0,0,4.0,5,11,4,2019,0.0
1082597,0,0,0,0,0,4.0,1,9,4,2017,0.0
335987,0,1,1,1,1,6.0,2,21,4,2008,1.0
1216537,0,1,1,1,0,7.0,6,30,10,2020,1.0
336027,0,0,1,1,0,6.0,3,20,5,2008,1.0
1178421,0,2,0,2,1,16.0,1,28,4,2019,2.0
419148,0,0,0,0,0,7.0,7,10,4,2010,0.0
1216544,0,0,0,0,1,8.0,1,25,10,2020,0.0
419162,0,0,0,0,1,35.0,4,21,4,2010,0.0
335998,0,1,0,0,0,10.0,4,30,4,2008,1.0
829813,0,0,1,0,0,17.321652065081352,1,17,5,2015,0.0
336031,0,1,1,1,0,6.0,6,23,5,2008,1.0
1216526,0,0,0,0,1,8.0,6,16,10,2020,0.0
829821,0,0,0,0,0,3.0,6,22,5,2015,0.0
981007,0,2,0,2,0,6.0,7,21,5,2016,2.0
829749,0,1,0,0,0,9.0,6,24,4,2015,0.0
548343,0,0,1,1,1,7.0,7,28,4,2012,1.0
980955,0,2,1,2,0,23.0,1,1,5,2016,1.0
501249,0,1,0,1,0,63.0,2,9,5,2011,0.0
336008,0,0,1,0,0,7.0,4,7,5,2008,0.0
1136566,0,1,1,1,0,10.0,4,11,4,2018,1.0
734009,0,0,0,0,0,6.0,4,14,5,2014,0.0
598040,0,1,0,0,1,7.0,4,1,5,2013,1.0
501253,0,0,1,0,1,18.0,5,12,5,2011,0.0
336019,0,1,1,1,0,41.0,4,28,5,2008,1.0
1216521,0,0,0,0,0,10.0,6,23,10,2020,0.0
598050,0,0,0,0,1,65.0,3,7,5,2013,0.0
829727,0,1,1,1,0,6.0,5,16,4,2015,1.0
1216523,0,0,1,0,1,2.0,7,10,10,2020,0.0
1136619,0,0,1,0,0,14.0,6,25,5,2018,1.0
1082615,0,3,1,3,0,6.0,7,22,4,2017,3.0
501218,0,0,2,2,1,7.0,4,20,4,2011,0.0
1175356,0,0,0,0,0,7.0,7,23,3,2019,0.0
1175365,0,2,0,2,0,17.321652065081352,7,30,3,2019,2.0
829797,0,0,1,0,1,12.0,1,10,5,2015,0.0
1216525,0,0,0,0,1,37.0,7,10,10,2020,0.0
1136605,0,1,0,0,0,5.0,7,12,5,2018,0.0
1216524,0,1,2,2,0,88.0,3,27,10,2020,1.0
419153,0,0,0,0,1,9.0,3,13,4,2010,0.0
1082596,0,1,2,1,0,9.0,1,9,4,2017,1.0
419143,0,1,1,1,1,9.0,4,7,4,2010,1.0
1082628,0,0,0,0,1,5.0,2,1,5,2017,0.0
1082595,0,0,1,0,1,15.0,7,8,4,2017,0.0
1082637,0,1,2,2,0,6.0,1,7,5,2017,2.0
392236,1,0,1,0,1,12.0,5,21,5,2009,0.0
501250,0,1,2,1,1,6.0,3,10,5,2011,2.0
1175364,0,1,0,1,0,8.0,7,30,3,2019,1.0
392228,1,1,0,1,0,6.0,7,16,5,2009,1.0
733977,0,0,1,0,0,4.0,1,4,5,2014,0.0
733973,0,0,1,1,1,5.0,7,3,5,2014,0.0
419110,0,0,1,1,1,31.0,1,14,3,2010,1.0
336036,0,1,0,1,0,5.0,2,26,5,2008,1.0
419142,0,0,0,0,1,24.0,3,6,4,2010,0.0
729289,1,0,1,0,1,4.0,7,19,4,2014,1.0
1216531,0,0,1,0,1,8.0,5,15,10,2020,1.0
501231,0,1,0,1,0,7.0,6,29,4,2011,1.0
1136614,0,1,0,1,1,5.0,7,19,5,2018,0.0
1082643,0,2,1,1,0,8.0,7,13,5,2017,1.0
335990,0,1,1,1,0,3.0,5,24,4,2008,1.0
1136587,0,0,0,0,0,8.0,7,28,4,2018,0.0
336018,0,0,0,0,0,9.0,4,14,5,2008,0.0
734039,0,1,1,1,0,7.0,1,25,5,2014,1.0
548311,0,1,0,1,0,74.0,7,7,4,2012,0.0
548363,0,0,0,0,1,27.0,7,12,5,2012,0.0
1082630,0,1,1,1,0,6.0,3,2,5,2017,1.0
981009,0,0,1,1,0,22.0,1,22,5,2016,0.0
1082602,0,0,0,0,0,4.0,6,14,4,2017,0.0
1082610,0,2,0,2,0,21.0,3,18,4,2017,0.0
548320,0,0,1,1,1,5.0,6,13,4,2012,0.0
548357,0,1,0,1,1,6.0,2,7,5,2012,0.0
729311,1,1,0,1,1,5.0,1,27,4,2014,0.0
419141,0,1,1,1,1,2.0,2,5,4,2010,1.0
1175371,0,2,1,1,0,5.0,5,4,4,2019,1.0
1178410,0,0,0,0,0,10.0,6,19,4,2019,0.0
980967,0,1,2,1,0,5.0,6,6,5,2016,1.0
829767,0,1,1,1,0,9.0,6,1,5,2015,1.0
419138,0,0,1,0,1,63.0,7,3,4,2010,0.0
419137,0,0,1,0,1,23.0,7,3,4,2010,0.0
1082611,0,1,1,1,1,15.0,4,19,4,2017,1.0
1216494,0,0,0,0,1,8.0,4,21,10,2020,0.0
1082625,0,2,0,2,1,17.321652065081352,7,29,4,2017,0.0
598024,0,1,0,0,1,9.0,1,21,4,2013,1.0
829715,0,1,1,1,0,3.0,1,12,4,2015,1.0
598001,0,1,1,1,1,5.0,7,6,4,2013,1.0
501209,0,1,0,0,0,9.0,6,15,4,2011,0.0
419114,0,1,0,1,0,98.0,4,17,3,2010,0.0
1136620,0,0,1,0,0,8.0,1,27,5,2018,0.0
419134,0,1,1,1,1,67.0,4,31,3,2010,1.0
1216515,0,2,0,0,0,18.0,7,3,10,2020,2.0
501221,0,0,0,0,0,8.0,6,22,4,2011,0.0
548337,0,2,1,2,1,8.0,3,24,4,2012,1.0
548353,0,0,2,0,1,7.0,7,5,5,2012,0.0
729283,1,0,1,0,1,6.0,6,18,4,2014,1.0
419113,0,0,0,0,1,55.0,3,16,3,2010,0.0
501206,0,1,0,1,0,6.0,4,13,4,2011,1.0
501226,0,0,2,2,0,25.0,2,25,4,2011,0.0
734011,0,1,1,1,0,62.0,5,15,5,2014,1.0
501270,0,0,0,0,0,43.0,6,27,5,2011,0.0
729313,1,1,0,1,0,5.0,2,28,4,2014,1.0
1178403,0,1,0,0,0,8.0,7,13,4,2019,0.0
419120,0,1,1,1,1,10.0,1,21,3,2010,1.0
729287,1,0,0,0,0,7.0,7,19,4,2014,0.0
1136568,0,0,1,0,0,4.0,6,13,4,2018,0.0
1082648,0,1,0,0,0,7.0,4,17,5,2017,0.0
1178423,0,1,1,1,0,45.0,2,29,4,2019,1.0
501243,0,1,1,1,0,4.0,5,5,5,2011,1.0
1178425,0,0,2,2,0,80.0,4,1,5,2019,0.0
1136592,0,1,1,1,0,4.0,4,2,5,2018,1.0
1178428,0,2,1,1,1,5.0,7,4,5,2019,2.0
1216510,0,1,0,0,0,97.0,5,24,9,2020,1.0
1136575,0,1,0,0,0,7.0,4,18,4,2018,0.0
598062,0,0,1,0,1,33.0,3,14,5,2013,0.0
1216527,0,1,1,1,0,4.0,1,27,9,2020,1.0
829809,0,1,0,1,1,7.0,7,16,5,2015,0.0
548325,0,0,1,1,0,7.0,2,16,4,2012,1.0
1136597,0,0,0,0,0,13.0,1,6,5,2018,0.0
734017,0,1,0,0,1,25.0,2,19,5,2014,0.0
829783,0,0,1,1,1,5.0,3,5,5,2015,0.0
392237,1,1,1,1,0,6.0,6,22,5,2009,1.0
501256,0,0,1,1,1,10.0,7,14,5,2011,1.0
1175370,0,0,0,0,0,37.0,4,3,4,2019,0.0
1082622,0,0,1,0,0,7.0,6,28,4,2017,0.0
598049,0,1,1,1,1,9.0,3,7,5,2013,1.0
501257,0,1,1,1,0,29.0,1,15,5,2011,1.0
1136569,0,0,1,1,0,7.0,7,14,4,2018,1.0
548377,0,1,0,1,1,10.0,1,20,5,2012,0.0
729303,1,0,0,0,1,7.0,6,25,4,2014,0.0
1178412,0,2,1,2,0,5.0,7,20,4,2019,2.0
598034,0,0,0,0,0,14.0,1,28,4,2013,0.0
548316,0,1,0,1,0,8.0,3,10,4,2012,1.0
1082642,0,1,3,1,1,7.0,6,12,5,2017,1.0
1082647,0,0,3,0,0,20.0,3,16,5,2017,3.0
548342,0,1,0,0,0,37.0,6,27,4,2012,1.0
598052,0,1,1,1,0,8.0,5,9,5,2013,1.0
598060,0,0,1,1,1,7.0,2,13,5,2013,0.0
501248,0,1,2,1,1,5.0,1,8,5,2011,2.0
1216511,0,0,1,0,1,57.0,3,6,10,2020,0.0
1136593,0,0,0,0,0,6.0,5,3,5,2018,0.0
829733,0,1,0,0,0,4.0,7,18,4,2015,0.0
598023,0,0,1,0,0,7.0,7,20,4,2013,0.0
829801,0,1,0,0,1,6.0,3,12,5,2015,1.0
1136564,0,1,1,1,0,9.0,2,9,4,2018,1.0
1216540,0,0,0,0,1,82.0,2,12,10,2020,0.0
1216492,0,0,0,0,0,5.0,7,19,9,2020,0.0
1178417,0,0,1,1,0,17.0,4,24,4,2019,0.0
1082634,0,1,3,1,0,12.0,7,6,5,2017,3.0
1175357,0,0,1,0,0,6.0,1,24,3,2019,0.0
1136570,0,0,1,1,0,5.0,7,14,4,2018,1.0
1136615,0,1,0,1,1,11.0,1,20,5,2018,1.0
980979,0,3,1,1,1,4.0,3,10,5,2016,1.0
1082591,0,1,0,0,0,35.0,4,5,4,2017,1.0
392210,1,1,1,1,0,78.0,3,5,5,2009,1.0
501266,0,0,0,0,0,8.0,1,22,5,2011,0.0
419150,0,1,0,1,0,37.0,1,11,4,2010,0.0
980915,0,1,0,1,1,8.0,7,16,4,2016,0.0
336017,0,0,1,0,1,23.0,3,13,5,2008,0.0
980947,0,0,0,0,0,6.0,5,28,4,2016,0.0
419161,0,0,0,0,1,9.0,2,19,4,2010,0.0
1136579,0,0,1,0,0,6.0,7,21,4,2018,0.0
1216512,0,0,1,1,0,17.321652065081352,1,18,10,2020,0.0
1136616,0,0,1,0,0,5.0,1,20,5,2018,0.0
1216504,0,0,1,1,0,37.0,4,30,9,2020,0.0
392220,1,1,1,1,1,53.0,2,11,5,2009,1.0
980993,0,0,1,1,0,80.0,1,15,5,2016,0.0
501264,0,1,1,1,0,82.0,7,21,5,2011,1.0
981015,0,1,0,0,0,22.0,4,25,5,2016,1.0
829709,0,1,1,1,0,26.0,6,10,4,2015,1.0
980973,0,0,1,0,0,85.0,1,8,5,2016,1.0
1178396,0,1,0,0,0,8.0,1,7,4,2019,0.0
501230,0,1,0,1,0,17.0,5,28,4,2011,0.0
598068,0,0,0,0,0,24.0,7,18,5,2013,0.0
598073,0,0,0,0,1,23.0,1,26,5,2013,0.0
1136617,0,1,0,0,0,2.0,3,22,5,2018,0.0
501241,0,2,0,2,0,21.0,4,4,5,2011,0.0
335986,0,0,1,1,1,5.0,1,20,4,2008,0.0
1136567,0,1,0,1,0,1.0,5,12,4,2018,1.0
1178411,0,1,0,1,0,5.0,7,20,4,2019,1.0
1082627,0,1,0,0,0,48.0,1,30,4,2017,1.0
980959,0,0,0,0,0,5.0,2,2,5,2016,0.0
1136608,0,1,0,0,0,10.0,2,14,5,2018,0.0
392223,1,1,1,1,0,12.0,4,13,5,2009,1.0
981013,0,2,0,0,0,4.0,3,24,5,2016,0.0
729295,1,1,1,1,0,72.0,3,22,4,2014,1.0
829795,0,0,0,0,1,39.0,1,10,5,2015,0.0
336029,0,0,0,0,1,14.0,4,21,5,2008,0.0
336014,0,1,0,0,1,23.0,1,11,5,2008,0.0
501224,0,1,0,1,0,37.0,1,24,4,2011,0.0
419125,0,0,0,0,0,5.0,5,25,3,2010,0.0
336009,0,1,0,0,0,4.0,5,8,5,2008,0.0
1178398,0,0,0,0,0,7.0,3,9,4,2019,0.0
501254,0,3,1,1,0,6.0,6,13,5,2011,1.0
829769,0,0,1,1,0,8.0,6,1,5,2015,0.0
598054,0,1,0,1,0,4.0,6,10,5,2013,0.0
548348,0,1,2,1,1,13.0,3,1,5,2012,1.0
733971,0,0,0,0,1,34.0,6,2,5,2014,0.0
1136599,0,1,0,0,0,5.0,2,7,5,2018,1.0
598067,0,2,1,2,1,38.0,1,19,5,2013,2.0
1082606,0,0,2,0,0,6.0,1,16,4,2017,0.0
829787,0,1,1,1,0,7.0,5,7,5,2015,1.0
419129,0,1,0,1,1,17.0,1,28,3,2010,1.0
392185,1,0,0,0,1,92.0,2,20,4,2009,0.0
829731,0,1,1,1,1,4.0,7,18,4,2015,1.0
1136572,0,1,0,0,0,4.0,1,15,4,2018,1.0
419119,0,0,0,0,1,7.0,7,20,3,2010,0.0
1216530,0,0,1,1,0,60.0,1,1,11,2020,0.0
980907,0,0,1,1,0,45.0,3,12,4,2016,0.0
392188,1,0,1,1,1,24.0,4,22,4,2009,1.0
335996,0,0,0,0,1,13.0,2,28,4,2008,0.0
419147,0,1,0,0,1,6.0,7,10,4,2010,1.0
336022,0,1,1,1,1,6.0,7,17,5,2008,1.0
829775,0,1,0,0,1,23.0,1,3,5,2015,0.0
598055,0,2,0,2,1,5.0,7,11,5,2013,0.0
501210,0,0,3,3,0,8.0,6,15,4,2011,3.0
501240,0,0,1,1,1,8.0,4,4,5,2011,0.0
336035,0,0,1,1,1,3.0,1,25,5,2008,0.0
598013,0,0,1,0,1,48.0,1,14,4,2013,0.0
1178399,0,0,1,0,0,3.0,4,10,4,2019,0.0
1178404,0,0,0,0,0,5.0,1,14,4,2019,0.0
548355,0,0,0,0,0,2.0,1,6,5,2012,0.0
1175361,0,0,1,1,0,28.0,4,27,3,2019,0.0
548309,0,1,1,1,0,31.0,6,6,4,2012,1.0
1178406,0,0,0,0,0,5.0,2,15,4,2019,0.0
829711,0,0,1,0,1,45.0,7,11,4,2015,0.0
734045,0,0,0,0,0,7.0,4,28,5,2014,0.0
1237178,0,0,1,1,0,6.0,6,6,11,2020,1.0
548327,0,0,2,2,1,6.0,3,17,4,2012,0.0
501225,0,1,3,1,0,8.0,1,24,4,2011,1.0
419152,0,0,1,0,1,39.0,3,13,4,2010,0.0
980977,0,1,0,1,0,1.0,2,9,5,2016,0.0
1178409,0,2,0,0,1,40.0,5,18,4,2019,0.0
729285,1,1,1,1,0,4.0,6,18,4,2014,1.0
1175362,0,0,0,0,0,6.0,5,28,3,2019,0.0
829741,0,1,1,1,0,17.321652065081352,3,21,4,2015,1.0
392230,1,1,1,1,1,14.0,1,17,5,2009,1.0
980997,0,3,1,3,0,19.0,3,17,5,2016,3.0
598065,0,1,1,1,1,23.0,6,17,5,2013,1.0
335983,0,1,0,0,1,33.0,7,19,4,2008,0.0
1216499,0,0,0,0,0,5.0,4,28,10,2020,0.0
980989,0,0,3,3,1,8.0,7,14,5,2016,0.0
392205,1,1,1,1,1,3.0,7,2,5,2009,1.0
501229,0,3,1,3,0,55.0,4,27,4,2011,1.0
336016,0,1,0,0,1,9.0,2,12,5,2008,1.0
829807,0,1,0,1,1,6.0,6,15,5,2015,0.0
733989,0,1,1,1,0,32.0,5,8,5,2014,1.0
734043,0,1,0,1,0,28.0,3,27,5,2014,0.0
598042,0,2,0,0,1,17.0,5,2,5,2013,0.0
392216,1,1,1,1,0,3.0,7,9,5,2009,1.0
598015,0,0,2,2,1,24.0,2,15,4,2013,2.0
980995,0,0,0,0,0,9.0,2,16,5,2016,0.0
598021,0,1,1,1,1,5.0,6,19,4,2013,1.0
501265,0,1,2,1,1,17.321652065081352,7,21,5,2011,0.0
335995,0,1,1,1,1,4.0,1,27,4,2008,1.0
548375,0,2,0,0,1,34.0,7,19,5,2012,0.0
1082614,0,0,1,1,0,14.0,7,22,4,2017,0.0
598063,0,0,1,1,0,14.0,4,15,5,2013,0.0
548331,0,1,0,0,0,5.0,6,20,4,2012,0.0
419157,0,0,0,0,0,57.0,7,17,4,2010,0.0
1216545,0,1,0,1,1,7.0,7,26,9,2020,0.0
1136571,0,0,1,0,0,19.0,1,15,4,2018,1.0
829759,0,1,1,1,0,20.0,2,27,4,2015,1.0
1216534,0,0,1,1,0,10.0,2,21,9,2020,0.0
829799,0,1,1,1,1,5.0,2,11,5,2015,1.0
501267,0,0,0,0,0,5.0,1,22,5,2011,0.0
980999,0,0,1,1,0,82.0,4,18,5,2016,0.0
980991,0,1,1,1,1,7.0,1,15,5,2016,1.0
1136611,0,0,1,1,0,14.0,5,17,5,2018,0.0
501212,0,1,1,1,0,8.0,7,16,4,2011,1.0
1175359,0,1,1,1,0,14.0,2,25,3,2019,1.0
829739,0,1,0,0,0,6.0,2,20,4,2015,0.0
1136606,0,0,1,0,0,8.0,1,13,5,2018,0.0
829811,0,1,0,1,1,9.0,7,16,5,2015,1.0
392181,1,0,0,0,0,19.0,7,18,4,2009,0.0
829737,0,0,0,0,0,18.0,1,19,4,2015,0.0
980987,0,0,2,2,0,144.0,7,14,5,2016,0.0
1178427,0,1,0,0,0,7.0,6,3,5,2019,0.0
548310,0,0,1,1,0,20.0,7,7,4,2012,0.0
336003,0,1,0,1,1,9.0,7,3,5,2008,1.0
548373,0,1,1,1,1,5.0,6,18,5,2012,1.0
829707,0,0,1,1,0,1.0,5,9,4,2015,0.0
419151,0,1,0,0,0,13.0,2,12,4,2010,1.0
548334,0,0,1,0,1,6.0,1,22,4,2012,1.0
501214,0,0,1,0,0,8.0,1,17,4,2011,0.0
598061,0,0,2,0,0,7.0,4,15,5,2013,2.0
729309,1,1,0,0,1,6.0,1,27,4,2014,1.0
829773,0,1,0,0,0,22.0,7,2,5,2015,1.0
598019,0,1,0,1,1,87.0,4,17,4,2013,1.0
1216505,0,0,2,2,0,6.0,2,2,11,2020,2.0
548368,0,0,0,0,0,5.0,2,14,5,2012,0.0
1136586,0,1,0,0,0,55.0,6,27,4,2018,1.0
419121,0,0,1,0,0,17.321652065081352,1,21,3,2010,1.0
1136588,0,1,1,1,1,11.0,1,29,4,2018,1.0
392224,1,0,0,0,1,2.0,5,14,5,2009,0.0
598048,0,0,1,1,1,7.0,3,9,4,2013,0.0
392212,1,1,0,1,1,19.0,4,6,5,2009,1.0
829705,0,0,0,0,0,7.0,4,8,4,2015,0.0
598006,0,0,1,0,1,44.0,3,9,4,2013,0.0
501238,0,1,3,3,0,7.0,2,2,5,2011,3.0
829721,0,1,0,0,1,7.0,3,14,4,2015,1.0
419112,0,0,1,1,1,8.0,3,16,3,2010,0.0
1082629,0,3,2,3,0,5.0,2,1,5,2017,3.0
336002,0,1,0,1,1,5.0,1,25,5,2008,0.0
1175360,0,2,0,2,1,6.0,3,26,3,2019,0.0
392196,1,0,1,1,0,6.0,2,27,4,2009,1.0
392231,1,0,0,0,1,7.0,2,18,5,2009,0.0
548328,0,1,0,1,1,8.0,4,18,4,2012,0.0
734005,0,0,1,1,0,16.0,3,13,5,2014,0.0
392227,1,0,0,0,1,7.0,7,16,5,2009,0.0
